containerNumber,companyName,containerSize
BOCH-2023026,ป๋อเฉิน,40RH
BOCH-2023029,ป๋อเฉิน,40RH
BOCH-2023037,ป๋อเฉิน,40RH
BOCH-2023045,ป๋อเฉิน,40RH
BOCH-2023063,ป๋อเฉิน,40RH
BOCH-2024008,ป๋อเฉิน,40RH
BOCH-2024013,ป๋อเฉิน,40RH
BOCH-2024029,ป๋อเฉิน,40RH
BOCH-2024034,ป๋อเฉิน,40RH
BOCH-2024040,ป๋อเฉิน,40RH
BOCH-2024055,ป๋อเฉิน,40RH
BOCH-2024060,ป๋อเฉิน,40RH
BOCH-2024076,ป๋อเฉิน,40RH
BOCH-2024081,ป๋อเฉิน,40RH
BOCH-2024097,ป๋อเฉิน,40RH
BOCH-2024100,ป๋อเฉิน,40RH
BOCH-2024109,ป๋อเฉิน,40RH
BOCH-2024110,ป๋อเฉิน,40RH
BOCH-2024116,ป๋อเฉิน,40RH
BOCH-2024121,ป๋อเฉิน,40RH
BOCH-2024131,ป๋อเฉิน,40RH
BOCH-2024136,ป๋อเฉิน,40RH
BOCH-2024139,ป๋อเฉิน,40RH
BOCH-2024142,ป๋อเฉิน,40RH
BOCH-2024158,ป๋อเฉิน,40RH
BOCH-2024163,ป๋อเฉิน,40RH
BOCH-2024166,ป๋อเฉิน,45RH
BOCH-2024179,ป๋อเฉิน,40RH
BOCH-2024184,ป๋อเฉิน,40RH
BOCH-2024203,ป๋อเฉิน,40RH
BOCH-2024219,ป๋อเฉิน,40RH
BOCH-2024224,ป๋อเฉิน,40RH
BOCH-2024245,ป๋อเฉิน,40RH
BOCH-2024456,ป๋อเฉิน,40RH
BOCH-2024604,ป๋อเฉิน,40RH
BOCH-2024610,ป๋อเฉิน,40RH
BOCH-2024625,ป๋อเฉิน,40RH
BOCH-2024630,ป๋อเฉิน,40RH
BOCH-2024646,ป๋อเฉิน,40RH
BOCH-2024651,ป๋อเฉิน,40RH
BOCH-2024667,ป๋อเฉิน,40RH
BOCH-2024672,ป๋อเฉิน,40RH
BOCH-2024688,ป๋อเฉิน,40RH
BOCH-2024693,ป๋อเฉิน,40RH
BOCH-2024707,ป๋อเฉิน,40RH
BOCH-2024712,ป๋อเฉิน,40RH
BOCH-2024728,ป๋อเฉิน,40RH
BOCH-2024733,ป๋อเฉิน,40RH
BOCH-2024749,ป๋อเฉิน,40RH
BOCH-2024754,ป๋อเฉิน,40RH
BOCH-2024760,ป๋อเฉิน,40RH
BOCH-2024775,ป๋อเฉิน,40RH
BOCH-2024780,ป๋อเฉิน,40RH
BOCH-2024798,ป๋อเฉิน,40RH
BOCH-2024800,ป๋อเฉิน,40RH
BOCH-2024815,ป๋อเฉิน,40RH
BOCH-2024820,ป๋อเฉิน,40RH
BOCH-2024836,ป๋อเฉิน,40RH
BOCH-2024841,ป๋อเฉิน,40RH
BOCH-2024857,ป๋อเฉิน,40RH
BOCH-2024862,ป๋อเฉิน,40RH
BOCH-2024878,ป๋อเฉิน,40RH
BOCH-2024883,ป๋อเฉิน,40RH
BOCH-2024899,ป๋อเฉิน,40RH
BOCH-2024902,ป๋อเฉิน,40RH
BOCH-2024918,ป๋อเฉิน,40RH
BOCH-2024923,ป๋อเฉิน,40RH
BOCH-2024939,ป๋อเฉิน,40RH
BOCH-2024944,ป๋อเฉิน,40RH
BOCH-2024950,ป๋อเฉิน,40RH
BOCH-2024965,ป๋อเฉิน,40RH
BOCH-2024970,ป๋อเฉิน,40RH
BOCH-2024986,ป๋อเฉิน,40RH
BOCH-2024991,ป๋อเฉิน,40RH
BOCH-2025107,ป๋อเฉิน,40RH
BOCH-2025112,ป๋อเฉิน,40RH
BOCH-2025128,ป๋อเฉิน,40RH
BOCH-2025133,ป๋อเฉิน,40RH
BOCH-2025149,ป๋อเฉิน,40RH
BOCH-2025154,ป๋อเฉิน,40RH
BOCH-2025160,ป๋อเฉิน,40RH
BOCH-2025175,ป๋อเฉิน,40RH
BOCH-2025180,ป๋อเฉิน,40RH
BOCH-2025196,ป๋อเฉิน,40RH
BOCH-2025200,ป๋อเฉิน,40RH
BOCH-2025215,ป๋อเฉิน,40RH
BOCH-2025220,ป๋อเฉิน,40RH
BOCH-2025236,ป๋อเฉิน,40RH
BOCH-2025241,ป๋อเฉิน,40RH
BOCH-2025257,ป๋อเฉิน,40RH
BOCH-2025262,ป๋อเฉิน,40RH
BOCH-2025278,ป๋อเฉิน,40RH
BOCH-2025283,ป๋อเฉิน,40RH
BOCH-2025299,ป๋อเฉิน,40RH
BOCH-2025302,ป๋อเฉิน,40RH
BOCH-2025318,ป๋อเฉิน,40RH
BOCH-2025323,ป๋อเฉิน,40RH
BOCH-2025339,ป๋อเฉิน,40RH
BOCH-2025344,ป๋อเฉิน,40RH
BOCH-2025350,ป๋อเฉิน,40RH
BOCH-2025365,ป๋อเฉิน,40RH
BOCH-2025370,ป๋อเฉิน,40RH
BOCH-2025386,ป๋อเฉิน,40RH
BOCH-2025391,ป๋อเฉิน,40RH
BOCH-2025405,ป๋อเฉิน,40RH
BOCH-2025410,ป๋อเฉิน,40RH
BOCH-2025426,ป๋อเฉิน,40RH
BOCH-2025431,ป๋อเฉิน,40RH
BOCH-2025447,ป๋อเฉิน,40RH
BOCH-2025452,ป๋อเฉิน,40RH
BOCH-2025468,ป๋อเฉิน,40RH
BOCH-2025508,ป๋อเฉิน,40RH
BOCH-2025513,ป๋อเฉิน,40RH
BOCH-2025540,ป๋อเฉิน,40RH
BOCH-2025555,ป๋อเฉิน,40RH
BOCH-2025560,ป๋อเฉิน,40RH
BOCH-2025576,ป๋อเฉิน,40RH
BOCH-2025581,ป๋อเฉิน,40RH
BOCH-2025597,ป๋อเฉิน,40RH
BOCH-2025600,ป๋อเฉิน,40RH
BOCH-2025616,ป๋อเฉิน,40RH
BOCH-2025621,ป๋อเฉิน,40RH
BOCH-2025637,ป๋อเฉิน,40RH
BOCH-2025642,ป๋อเฉิน,40RH
BOCH-5410062,ป๋อเฉิน,45RH
BOCH-5410081,ป๋อเฉิน,45RH
BOCH-5411004,ป๋อเฉิน,45RH
BOCH-5411005,ป๋อเฉิน,45RH
BOCH-5411006,ป๋อเฉิน,45RH
BOCH-5411008,ป๋อเฉิน,45RH
BOCH-5411017,ป๋อเฉิน,45RH
BOCH-5411018,ป๋อเฉิน,45RH
BOCH-5411019,ป๋อเฉิน,45RH
BOCH-5411020,ป๋อเฉิน,45RH
BOCH-5411021,ป๋อเฉิน,45RH
BOCH-5411022,ป๋อเฉิน,45RH
BOCH-5411027,ป๋อเฉิน,45RH
BOCH-5411028,ป๋อเฉิน,45RH
BOCH-5411029,ป๋อเฉิน,45RH
BOCH-5411030,ป๋อเฉิน,45RH
BOCH-5411031,ป๋อเฉิน,45RH
BOCH-5411032,ป๋อเฉิน,45RH
BOCH-5411033,ป๋อเฉิน,45RH
BOCH-5411034,ป๋อเฉิน,45RH
BOCH-5411036,ป๋อเฉิน,45RH
BOCH-5411045,ป๋อเฉิน,45RH
BOCH-5411046,ป๋อเฉิน,45RH
BOCH-5411047,ป๋อเฉิน,45RH
BOCH-5411053,ป๋อเฉิน,45RH
BOCH-5411054,ป๋อเฉิน,45RH
BOCH-5411055,ป๋อเฉิน,45RH
BOCH-5411057,ป๋อเฉิน,45RH
BOCH-5411061,ป๋อเฉิน,45RH
BOCH-5411063,ป๋อเฉิน,45RH
BOCH-5411064,ป๋อเฉิน,45RH
BOCH-5411065,ป๋อเฉิน,45RH
BOCH-5411066,ป๋อเฉิน,45RH
BOCH-5411067,ป๋อเฉิน,45RH
BOCH-5411073,ป๋อเฉิน,45RH
BOCH-5411074,ป๋อเฉิน,45RH
BOCH-5411076,ป๋อเฉิน,45RH
BOCH-5411077,ป๋อเฉิน,45RH
BOCH-5411078,ป๋อเฉิน,45RH
BOCH-5411083,ป๋อเฉิน,45RH
BOCH-5411084,ป๋อเฉิน,45RH
BOCH-5411085,ป๋อเฉิน,45RH
BOCH-5411091,ป๋อเฉิน,45RH
BOCH-5411094,ป๋อเฉิน,45RH
BOCH-5411095,ป๋อเฉิน,45RH
BOCH-5411097,ป๋อเฉิน,45RH
BOCH-5411098,ป๋อเฉิน,45RH
BOCH-5411099,ป๋อเฉิน,45RH
BOCH-5411100,ป๋อเฉิน,45RH
BOCH-5411101,ป๋อเฉิน,45RH
BOCH-5411102,ป๋อเฉิน,45RH
BOCH-5411103,ป๋อเฉิน,45RH
BOCH-5411104,ป๋อเฉิน,45RH
BOCH-5411105,ป๋อเฉิน,45RH
BOCH-5411106,ป๋อเฉิน,45RH
BOCH-5411110,ป๋อเฉิน,45RH
BOCH-5411111,ป๋อเฉิน,45RH
BOCH-5411112,ป๋อเฉิน,45RH
BOCH-5411113,ป๋อเฉิน,45RH
BOCH-5411114,ป๋อเฉิน,45RH
BOCH-5411115,ป๋อเฉิน,45RH
BOCH-5411116,ป๋อเฉิน,45RH
BOCH-5411117,ป๋อเฉิน,45RH
BOCH-5411118,ป๋อเฉิน,45RH
BOCH-5411121,ป๋อเฉิน,45RH
BOCH-5411122,ป๋อเฉิน,45RH
BOCH-5411143,ป๋อเฉิน,45RH
BOCH-5411144,ป๋อเฉิน,45RH
BOCH-5411145,ป๋อเฉิน,45RH
BOCH-5411147,ป๋อเฉิน,45RH
BOCH-5411148,ป๋อเฉิน,45RH
BOCH-5411149,ป๋อเฉิน,45RH
BOCH-5411150,ป๋อเฉิน,45RH
BOCH-5411151,ป๋อเฉิน,45RH
BOCH-5411152,ป๋อเฉิน,45RH
BOCH-5412001,ป๋อเฉิน,45RH
BOCH-5412015,ป๋อเฉิน,45RH
BOCH-5412016,ป๋อเฉิน,45RH
BOCH-5412022,ป๋อเฉิน,45RH
BOCH-5412023,ป๋อเฉิน,45RH
BOCH-5412024,ป๋อเฉิน,45RH
BOCH-5412026,ป๋อเฉิน,45RH
BOCH-5412035,ป๋อเฉิน,45RH
BOCH-5412037,ป๋อเฉิน,45RH
BOCH-5412038,ป๋อเฉิน,45RH
BOCH-5412039,ป๋อเฉิน,45RH
BOCH-5412040,ป๋อเฉิน,45RH
BOCH-5412041,ป๋อเฉิน,45RH
BOCH-5412042,ป๋อเฉิน,45RH
BOCH-5412043,ป๋อเฉิน,45RH
BOCH-5412044,ป๋อเฉิน,45RH
BOCH-5412048,ป๋อเฉิน,45RH
BOCH-5412049,ป๋อเฉิน,45RH
BOCH-5412050,ป๋อเฉิน,45RH
BOCH-5412051,ป๋อเฉิน,45RH
BOCH-5412052,ป๋อเฉิน,45RH
BOCH-5412056,ป๋อเฉิน,45RH
BOCH-5412059,ป๋อเฉิน,45RH
BOCH-5412060,ป๋อเฉิน,45RH
BOCH-5412068,ป๋อเฉิน,45RH
BOCH-5412069,ป๋อเฉิน,45RH
BOCH-5412070,ป๋อเฉิน,45RH
BOCH-5412071,ป๋อเฉิน,45RH
BOCH-5412072,ป๋อเฉิน,45RH
BOCH-5412075,ป๋อเฉิน,45RH
BOCH-5412079,ป๋อเฉิน,45RH
BOCH-5412080,ป๋อเฉิน,45RH
BOCH-5412082,ป๋อเฉิน,45RH
BOCH-5412086,ป๋อเฉิน,45RH
BOCH-5412087,ป๋อเฉิน,45RH
BOCH-5412088,ป๋อเฉิน,45RH
BOCH-5412089,ป๋อเฉิน,45RH
BOCH-5412090,ป๋อเฉิน,45RH
BOCH-5412092,ป๋อเฉิน,45RH
BOCH-5412096,ป๋อเฉิน,45RH
BOCH-5412119,ป๋อเฉิน,45RH
BOCH-5412120,ป๋อเฉิน,45RH
BOCH-5412153,ป๋อเฉิน,45RH
BOCH-5412154,ป๋อเฉิน,45RH
BOCH-5412155,ป๋อเฉิน,45RH
BOCH-5412156,ป๋อเฉิน,45RH
BOCH-5412157,ป๋อเฉิน,45RH
BOCH-5412158,ป๋อเฉิน,45RH
BOCH-5412159,ป๋อเฉิน,45RH
BOCH-5412160,ป๋อเฉิน,45RH
BOCH-5412161,ป๋อเฉิน,45RH
BOCH-5412162,ป๋อเฉิน,45RH
BOCH-5412163,ป๋อเฉิน,45RH
BOCH-5412164,ป๋อเฉิน,45RH
BOCH-5412165,ป๋อเฉิน,45RH
BOCH-5412166,ป๋อเฉิน,45RH
BOCH-5412167,ป๋อเฉิน,45RH
BOCH-5412168,ป๋อเฉิน,45RH
BOCH-5412169,ป๋อเฉิน,45RH
BOCH-5412170,ป๋อเฉิน,45RH
BOCH-5412171,ป๋อเฉิน,45RH
BOCH-5412172,ป๋อเฉิน,45RH
BOCH-5412173,ป๋อเฉิน,45RH
BOCH-5412174,ป๋อเฉิน,45RH
BOCH-5412175,ป๋อเฉิน,45RH
BOCH-5412176,ป๋อเฉิน,45RH
BOCH-5412177,ป๋อเฉิน,45RH
BOCH-5412178,ป๋อเฉิน,45RH
BOCH-5412179,ป๋อเฉิน,45RH
BOCH-5412180,ป๋อเฉิน,45RH
BOCH-5412181,ป๋อเฉิน,45RH
BOCH-5412182,ป๋อเฉิน,45RH
BOCH-5412183,ป๋อเฉิน,45RH
BOCH-5412184,ป๋อเฉิน,45RH
BOCH-5412185,ป๋อเฉิน,45RH
BOCH-5412186,ป๋อเฉิน,45RH
BOCH-5412187,ป๋อเฉิน,45RH
BOCH-5412188,ป๋อเฉิน,45RH
BOCH-5412189,ป๋อเฉิน,45RH
BOCH-5412190,ป๋อเฉิน,45RH
BOCH-5412191,ป๋อเฉิน,45RH
BOCH-5412192,ป๋อเฉิน,45RH
BOCH-5611002,ป๋อเฉิน,40RH
BOCH-5611003,ป๋อเฉิน,40RH
BOCH-5611007,ป๋อเฉิน,40RH
BOCH-5611009,ป๋อเฉิน,40RH
BOCH-5611010,ป๋อเฉิน,40RH
BOCH-5611011,ป๋อเฉิน,40RH
BOCH-5611012,ป๋อเฉิน,40RH
BOCH-5611013,ป๋อเฉิน,40RH
BOCH-5611014,ป๋อเฉิน,40RH
BOCH-5611015,ป๋อเฉิน,40RH
BOCH-5611016,ป๋อเฉิน,40RH
BOCH-5611017,ป๋อเฉิน,40RH
BOCH-5611018,ป๋อเฉิน,40RH
BOCH-5611019,ป๋อเฉิน,40RH
BOCH-5611020,ป๋อเฉิน,40RH
BOCH-5611021,ป๋อเฉิน,40RH
BOCH-5611022,ป๋อเฉิน,40RH
BOCH-5611023,ป๋อเฉิน,40RH
BOCH-5611024,ป๋อเฉิน,40RH
BOCH-5611025,ป๋อเฉิน,40RH
BOCH-5611026,ป๋อเฉิน,40RH
BOCH-5611027,ป๋อเฉิน,40RH
BOCH-5611028,ป๋อเฉิน,40RH
BOCH-5611029,ป๋อเฉิน,40RH
BOCH-5611030,ป๋อเฉิน,40RH
BOCH-5611031,ป๋อเฉิน,40RH
BOCH-5611032,ป๋อเฉิน,40RH
BOCH-5611033,ป๋อเฉิน,40RH
BOCH-5611034,ป๋อเฉิน,40RH
BOCH-5611035,ป๋อเฉิน,40RH
BOCH-5611036,ป๋อเฉิน,40RH
BOCH-5611038,ป๋อเฉิน,40RH
BOCH-5611039,ป๋อเฉิน,40RH
BOCH-5611040,ป๋อเฉิน,40RH
BOCH-5611041,ป๋อเฉิน,40RH
BOCH-5611042,ป๋อเฉิน,40RH
BOCH-5611043,ป๋อเฉิน,40RH
BOCH-5611048,ป๋อเฉิน,40RH
BOCH-5611093,ป๋อเฉิน,40RH
BOCH-5611107,ป๋อเฉิน,40RH
BOCH-5611108,ป๋อเฉิน,40RH
BOCH-5611109,ป๋อเฉิน,40RH
BOCH-5612044,ป๋อเฉิน,40RH
BOCH-5612045,ป๋อเฉิน,40RH
BOCH-5612046,ป๋อเฉิน,40RH
BOCH-5612047,ป๋อเฉิน,40RH
BOCH-5612049,ป๋อเฉิน,40RH
BOCH-5724123,ป๋อเฉิน,45RH
BOCH-5724124,ป๋อเฉิน,45RH
BOCH-5724125,ป๋อเฉิน,45RH
BOCH-5724126,ป๋อเฉิน,45RH
BOCH-5724127,ป๋อเฉิน,45RH
BOCH-5724128,ป๋อเฉิน,45RH
BOCH-5724129,ป๋อเฉิน,45RH
BOCH-5724130,ป๋อเฉิน,45RH
BOCH-5724131,ป๋อเฉิน,45RH
BOCH-5724132,ป๋อเฉิน,45RH
BOCH-5724133,ป๋อเฉิน,45RH
BOCH-5724134,ป๋อเฉิน,45RH
BOCH-5724135,ป๋อเฉิน,45RH
BOCH-5724136,ป๋อเฉิน,45RH
BOCH-5724137,ป๋อเฉิน,45RH
BOCH-5725138,ป๋อเฉิน,45RH
BOCH-5725139,ป๋อเฉิน,45RH
BOCH-5725140,ป๋อเฉิน,45RH
BOCH-5725141,ป๋อเฉิน,45RH
BOCH-5725142,ป๋อเฉิน,45RH
KMTU-5909130,รถร่วม,40RH
MXST-2024019,รถร่วม,40RH
MXST-2024024,รถร่วม,40RH
MXST-2024030,รถร่วม,40RH
MXST-2024071,รถร่วม,40RH
MXST-2024127,รถร่วม,40RH
MXST-2024148,รถร่วม,40RH
MXST-2024169,รถร่วม,40RH
MXST-2024195,รถร่วม,40RH
MXST-2024209,รถร่วม,40RH
MXST-2024277,รถร่วม,40RH
MXST-2025313,รถร่วม,40RH
MXST-2025397,รถร่วม,40RH
MXST-2025400,รถร่วม,40RH
MXST-2025421,รถร่วม,40RH
MXST-2025442,รถร่วม,40RH
MXST-2025503,รถร่วม,40RH
TOWO-2025050,รถร่วม,45RH
TOWO-2025051,รถร่วม,45RH
TOWO-2025052,รถร่วม,45RH
TOWO-2025053,รถร่วม,45RH
TOWO-2025054,รถร่วม,45RH
TOWO-2025055,รถร่วม,45RH
TOWO-2025056,รถร่วม,45RH
TOWO-2025057,รถร่วม,45RH
TOWO-2025058,รถร่วม,45RH
TOWO-2025059,รถร่วม,45RH
TOWO-2025060,รถร่วม,45RH
TOWO-2025061,รถร่วม,45RH
TOWO-2025062,รถร่วม,45RH
TOWO-2025063,รถร่วม,45RH
TOWO-2025064,รถร่วม,45RH
TOWO-2025065,รถร่วม,45RH
TOWO-2025066,รถร่วม,45RH
TOWO-2025067,รถร่วม,45RH
TOWO-2025068,รถร่วม,45RH
TOWO-2025069,รถร่วม,45RH
TOWO-2025070,รถร่วม,45RH
TOWO-2025071,รถร่วม,45RH
TOWO-2025072,รถร่วม,45RH
TOWO-2025073,รถร่วม,45RH
TOWO-2025074,รถร่วม,45RH
TOWO-2025075,รถร่วม,45RH
TOWO-2025076,รถร่วม,45RH
TOWO-2025077,รถร่วม,45RH
TOWO-2025078,รถร่วม,45RH
TOWO-2025079,รถร่วม,45RH
TOWO-2025080,รถร่วม,45RH
TOWO-2025081,รถร่วม,45RH
TOWO-2025082,รถร่วม,45RH
TOWO-2025083,รถร่วม,45RH
TOWO-2025084,รถร่วม,45RH
TOWO-2025085,รถร่วม,45RH
TOWO-2025086,รถร่วม,45RH
TOWO-2025087,รถร่วม,45RH
TOWO-2025088,รถร่วม,45RH
TOWO-2025089,รถร่วม,45RH
TOWO-2025090,รถร่วม,45RH
TOWO-2025091,รถร่วม,45RH
TOWO-2025092,รถร่วม,45RH
TOWO-2025093,รถร่วม,45RH
TOWO-2025101,รถร่วม,45RH
TOWO-2025102,รถร่วม,45RH
TOWO-2025103,รถร่วม,45RH
TOWO-2025104,รถร่วม,45RH
TOWO-2025105,รถร่วม,45RH
TOWO-2025106,รถร่วม,45RH
TOWO-2025107,รถร่วม,45RH
TOWO-2025108,รถร่วม,45RH
TOWO-2025109,รถร่วม,45RH
TOWO-2025110,รถร่วม,45RH
TOWO-2025111,รถร่วม,45RH
TOWO-2025112,รถร่วม,45RH
TOWO-2025113,รถร่วม,45RH
TOWO-2025114,รถร่วม,45RH
TOWO-2025115,รถร่วม,45RH
TOWO-2025116,รถร่วม,45RH
TOWO-2025117,รถร่วม,45RH
TOWO-2025118,รถร่วม,45RH
TOWO-2025119,รถร่วม,45RH
TOWO-2025120,รถร่วม,45RH
TOWO-2025121,รถร่วม,45RH
TOWO-2025122,รถร่วม,45RH
TOWO-2025123,รถร่วม,45RH
TOWO-2025124,รถร่วม,45RH
TOWO-2025125,รถร่วม,45RH
TOWO-2025126,รถร่วม,45RH
TOWO-2025127,รถร่วม,45RH
TOWO-2025128,รถร่วม,45RH
TOWO-2025129,รถร่วม,45RH
TOWO-2025130,รถร่วม,45RH
TOWO-2025131,รถร่วม,45RH
TOWO-2025132,รถร่วม,45RH
TOWO-2025133,รถร่วม,45RH
TOWO-2025134,รถร่วม,45RH
TOWO-2025135,รถร่วม,45RH
TOWO-2025136,รถร่วม,45RH
TOWO-2025137,รถร่วม,45RH
TOWO-2025138,รถร่วม,45RH
TOWO-2025139,รถร่วม,45RH
TOWO-2025140,รถร่วม,45RH
TOWO-5710150,รถร่วม,45RH
TOWO-5710151,รถร่วม,45RH
TOWO-5710152,รถร่วม,45RH
TOWO-5710153,รถร่วม,45RH
TOWO-5710154,รถร่วม,45RH
TOWO-5710155,รถร่วม,45RH
TOWO-5710156,รถร่วม,45RH
TOWO-5710157,รถร่วม,45RH
TOWO-5710158,รถร่วม,45RH
TOWO-5710159,รถร่วม,45RH
TOWO-5710160,รถร่วม,45RH
TOWO-5710161,รถร่วม,45RH
TOWO-5710162,รถร่วม,45RH
TOWO-5710163,รถร่วม,45RH
XBUU-2023008,รถร่วม,45RH
XBUU-2023019,รถร่วม,45RH
XBUU-2025153,รถร่วม,45RH
XBUU-2025160,รถร่วม,45RH
XBUU-2025161,รถร่วม,45RH
XBUU-2025162,รถร่วม,45RH
XBUU-2025163,รถร่วม,45RH
XBUU-2025164,รถร่วม,45RH
XBUU-2025165,รถร่วม,45RH
XBUU-2025166,รถร่วม,45RH
XBUU-2025167,รถร่วม,45RH
XBUU-2025168,รถร่วม,45RH
XBUU-2025169,รถร่วม,45RH
XBUU-2025170,รถร่วม,45RH
XBUU-2025171,รถร่วม,45RH
XBUU-2025172,รถร่วม,45RH
XBUU-2025173,รถร่วม,45RH
XBUU-2025174,รถร่วม,45RH
XBUU-2025175,รถร่วม,45RH
XBUU-2025176,รถร่วม,45RH
XBUU-2025177,รถร่วม,45RH
XBUU-2025178,รถร่วม,45RH
XBUU-2025179,รถร่วม,45RH
XBUU-2025180,รถร่วม,45RH
XBUU-2025181,รถร่วม,45RH
XBUU-2025182,รถร่วม,45RH
XBUU-2025183,รถร่วม,45RH
XBUU-2025184,รถร่วม,45RH
XBUU-2025185,รถร่วม,45RH
XBUU-2025186,รถร่วม,45RH
XBUU-2025187,รถร่วม,45RH
XBUU-2025189,รถร่วม,45RH
XBUU-2025190,รถร่วม,45RH
XBUU-2025201,รถร่วม,45RH
XBUU-2025202,รถร่วม,45RH
XBUU-2025203,รถร่วม,45RH
XBUU-2025204,รถร่วม,45RH
XBUU-2025205,รถร่วม,45RH
XBUU-2025206,รถร่วม,45RH
XBUU-2025207,รถร่วม,45RH
XBUU-2025208,รถร่วม,45RH
XBUU-2025209,รถร่วม,45RH
XBUU-2025210,รถร่วม,45RH
XBUU-2025221,รถร่วม,45RH
XBUU-2025222,รถร่วม,45RH
XBUU-2025223,รถร่วม,45RH
XBUU-2025224,รถร่วม,45RH
XBUU-2025225,รถร่วม,45RH
XBUU-2025226,รถร่วม,45RH
XBUU-2025227,รถร่วม,45RH
XBUU-2025228,รถร่วม,45RH
XBUU-2025229,รถร่วม,45RH
XBUU-2025230,รถร่วม,45RH
XBUU-2025231,รถร่วม,45RH
XBUU-2025232,รถร่วม,45RH
XBUU-2025233,รถร่วม,45RH
XBUU-2025234,รถร่วม,45RH
XBUU-2025235,รถร่วม,45RH
XBUU-2025252,รถร่วม,45RH
XBUU-2025253,รถร่วม,45RH
XBUU-2025254,รถร่วม,45RH
XBUU-2025255,รถร่วม,45RH
XBUU-2025256,รถร่วม,45RH
XBUU-2025257,รถร่วม,45RH
XBUU-2025258,รถร่วม,45RH
XBUU-2025259,รถร่วม,45RH
XBUU-2025274,รถร่วม,45RH
XBUU-2025301,รถร่วม,45RH
XBUU-2025302,รถร่วม,45RH
XBUU-2025303,รถร่วม,45RH
XBUU-2025304,รถร่วม,45RH
XBUU-2025305,รถร่วม,45RH
XBUU-2025306,รถร่วม,45RH
XBUU-2025307,รถร่วม,45RH
XBUU-2025308,รถร่วม,45RH
XBUU-2025309,รถร่วม,45RH
XBUU-2025310,รถร่วม,45RH
XBUU-2025311,รถร่วม,45RH
XBUU-2025312,รถร่วม,45RH
XBUU-2025313,รถร่วม,45RH
XBUU-2025314,รถร่วม,45RH
XBUU-2025315,รถร่วม,45RH
XBUU-2025316,รถร่วม,45RH
XBUU-2025317,รถร่วม,45RH
XBUU-2025318,รถร่วม,45RH
XBUU-2025319,รถร่วม,45RH
XBUU-2025320,รถร่วม,45RH
XBUU-2025427,รถร่วม,45RH
XBUU-2025823,รถร่วม,45RH
XBUU-5710001,รถร่วม,45RH
XBUU-5710002,รถร่วม,45RH
XBUU-5710003,รถร่วม,45RH
XBUU-5710004,รถร่วม,45RH
XBUU-5710005,รถร่วม,45RH
XBUU-5710006,รถร่วม,45RH
XBUU-5710007,รถร่วม,45RH
XBUU-5710008,รถร่วม,45RH
XBUU-5710009,รถร่วม,45RH
XBUU-5710010,รถร่วม,45RH
XBUU-5710011,รถร่วม,45RH
XBUU-5710012,รถร่วม,45RH
XBUU-5710013,รถร่วม,45RH
XBUU-5710014,รถร่วม,45RH
XBUU-5710015,รถร่วม,45RH
XBUU-5710016,รถร่วม,45RH