เลขทะเบียนหัวลาก,บริษัท
070-8199,ป๋อเฉิน
070-8948,ป๋อเฉิน
070-8950,ป๋อเฉิน
070-8951,ป๋อเฉิน
070-9313,ป๋อเฉิน
070-9363,ป๋อเฉิน
070-9369,ป๋อเฉิน
071-0133,ป๋อเฉิน
071-0142,ป๋อเฉิน
071-0324,ป๋อเฉิน
071-0325,ป๋อเฉิน
071-0355,ป๋อเฉิน
071-0356,ป๋อเฉิน
071-0357,ป๋อเฉิน
071-0474,ป๋อเฉิน
071-0566,ป๋อเฉิน
071-0570,ป๋อเฉิน
071-0574,ป๋อเฉิน
071-0576,ป๋อเฉิน
071-0582,ป๋อเฉิน
071-0584,ป๋อเฉิน
071-0797,ป๋อเฉิน
071-1042,ป๋อเฉิน
071-1157,ป๋อเฉิน
071-1158,ป๋อเฉิน
071-1159,ป๋อเฉิน
071-1161,ป๋อเฉิน
071-1163,ป๋อเฉิน
071-1164,ป๋อเฉิน
071-1165,ป๋อเฉิน
071-1166,ป๋อเฉิน
071-1338,ป๋อเฉิน
071-1340,ป๋อเฉิน
071-1342,ป๋อเฉิน
071-1344,ป๋อเฉิน
071-1350,ป๋อเฉิน
071-1354,ป๋อเฉิน
071-1356,ป๋อเฉิน
071-1904,ป๋อเฉิน
071-1906,ป๋อเฉิน
071-1908,ป๋อเฉิน
071-1910,ป๋อเฉิน
071-1912,ป๋อเฉิน
071-1914,ป๋อเฉิน
071-1916,ป๋อเฉิน
071-1918,ป๋อเฉิน
071-1920,ป๋อเฉิน
071-1922,ป๋อเฉิน
071-1960,ป๋อเฉิน
071-1966,ป๋อเฉิน
071-2033,ป๋อเฉิน
071-2035,ป๋อเฉิน
072-2035,ป๋อเฉิน